[
  {
    "cardToken": "CT0001",
    "medicalLimits": "Standard",
    "height": 175.0,
    "weight": 70.0,
    "fatPercent": 231.0,
    "taxId": "TX001",
    "firstname": "sda",
    "lastname": "Doe",
    "gender": "Male",
    "birthDate": "1990-01-01T00:00:00",
    "phone": "123-456-7890",
    "email": "john.doe@example.com",
    "profession": "Software Engineer",
    "status": "Active"
  },
  {
    "cardToken": "CT0003",
    "medicalLimits": "Standard",
    "height": 175.0,
    "weight": 70.0,
    "fatPercent": 231.0,
    "taxId": "TX001",
    "firstname": "Jake",
    "lastname": "Doe",
    "gender": "Male",
    "birthDate": "1990-01-01T00:00:00",
    "phone": "123-456-7890",
    "email": "john.doe@example.com",
    "profession": "Software Engineer",
    "status": "Active"
  },
  {
    "cardToken": "CT0002",
    "medicalLimits": "Standard",
    "height": 165.0,
    "weight": 60.0,
    "fatPercent": 25.0,
    "taxId": "TX002",
    "firstname": "Jane",
    "lastname": "Fast",
    "gender": "Female",
    "birthDate": "1992-02-02T00:00:00",
    "phone": "234-567-8901",
    "email": "jane.doe@example.com",
    "profession": "Teacher",
    "status": "Active"
  },
  {
    "cardToken": "CT0004",
    "medicalLimits": "Standard",
    "height": 160.0,
    "weight": 55.0,
    "fatPercent": 22.0,
    "taxId": "TX004",
    "firstname": "Emily",
    "lastname": "Johnson",
    "gender": "Female",
    "birthDate": "1988-04-04T00:00:00",
    "phone": "456-789-0123",
    "email": "emily.johnson@example.com",
    "profession": "Nurse",
    "status": "Active"
  },
  {
    "cardToken": "CT0005",
    "medicalLimits": "Premium",
    "height": 185.0,
    "weight": 90.0,
    "fatPercent": 15.0,
    "taxId": "TX005",
    "firstname": "David",
    "lastname": "Williams",
    "gender": "Male",
    "birthDate": "1980-05-05T00:00:00",
    "phone": "567-890-1234",
    "email": "david.williams@example.com",
    "profession": "Architect",
    "status": "Active"
  }
]