[
  {
    "EmployeeId": "456123412",
    "BankDetails": "152092134154",
    "Grade": "90",
    "taxId": "123321421",
    "firstname": "noam",
    "lastname": "celerm",
    "gender": "Male",
    "birthDate": "2002-01-23T00:00:00",
    "phone": "0585258101",
    "email": "noam.celermajer@gmail.com",
    "profession": "Programmer",
    "status": "Active"
  },
  {
    "EmployeeId": "9047758",
    "BankDetails": "12391421123124",
    "Grade": "90",
    "taxId": "904775860",
    "firstname": "Noam",
    "lastname": "clerm",
    "gender": "Male",
    "birthDate": "2002-01-23T00:00:00",
    "phone": "0585250102",
    "email": "noam.celermajer@gmail.com",
    "profession": "Prog",
    "status": "Active"
  },
  {
    "EmployeeId": "3214112331",
    "BankDetails": "124123124124",
    "Grade": "94",
    "taxId": "332638600",
    "firstname": "Noam",
    "lastname": "Celermajer",
    "gender": "M",
    "birthDate": "2002-01-25T00:00:00",
    "phone": "0585250102",
    "email": "noam.celermajer@gmail.com",
    "profession": "Programmer",
    "status": "Active"
  }
]