[
  {
    "cardToken": "W8BIRGANGQWONLFD",
    "medicalLimits": "active",
    "height": 123.0,
    "weight": 213.0,
    "fatPercent": 123.0,
    "taxId": "123124124",
    "firstname": "nal",
    "lastname": "esad",
    "gender": "Male",
    "birthDate": "2002-01-23T00:00:00",
    "phone": "0585250102",
    "email": "naomce.er@gmailc.oc",
    "profession": "waefa",
    "status": "asda"
  },
  {
    "cardToken": "A1BCD2EFG3HIJ4KL",
    "medicalLimits": "active",
    "height": 168.0,
    "weight": 180.0,
    "fatPercent": 25.0,
    "taxId": "234235235",
    "firstname": "John",
    "lastname": "Doe",
    "gender": "Male",
    "birthDate": "1990-05-12T00:00:00",
    "phone": "0585250203",
    "email": "john.doe@gmailc.oc",
    "profession": "Software Engineer",
    "status": "employed"
  },
  {
    "cardToken": "M5NOPQ6RST7UVW8X",
    "medicalLimits": "inactive",
    "height": 162.0,
    "weight": 130.0,
    "fatPercent": 18.0,
    "taxId": "345346346",
    "firstname": "Jane",
    "lastname": "Smith",
    "gender": "Female",
    "birthDate": "1985-09-25T00:00:00",
    "phone": "0585250304",
    "email": "jane.smith@gmailc.oc",
    "profession": "Nurse",
    "status": "unemployed"
  },
  {
    "cardToken": "Y9Z01A2BC3DE4FGH",
    "medicalLimits": "active",
    "height": 178.0,
    "weight": 200.0,
    "fatPercent": 21.0,
    "taxId": "456457457",
    "firstname": "Mark",
    "lastname": "Johnson",
    "gender": "Male",
    "birthDate": "1978-11-18T00:00:00",
    "phone": "0585250405",
    "email": "mark.johnson@gmailc.oc",
    "profession": "Accountant",
    "status": "employed"
  },
  {
    "cardToken": "I5JKLM6NOP7Q8RST",
    "medicalLimits": "inactive",
    "height": 152.0,
    "weight": 110.0,
    "fatPercent": 20.0,
    "taxId": "567568568",
    "firstname": "Sara",
    "lastname": "Lee",
    "gender": "Female",
    "birthDate": "2001-04-07T00:00:00",
    "phone": "021301245",
    "email": "sara.lee@gmailc.oc",
    "profession": "Student",
    "status": "part-time"
  }
]